{"train/loss":0.5458,"_timestamp":1.7586823562021935e+09,"eval/accuracy":0.899662325132658,"eval/loss":0.2859882414340973,"eval/runtime":17.7007,"train/grad_norm":42.37590026855469,"_runtime":443.036250699,"eval/f1":0.899662325132658,"train/epoch":0.7707129094412332,"train/global_step":200,"_step":1,"_wandb":{"runtime":443},"eval/samples_per_second":117.114,"train/learning_rate":2e-05,"eval/steps_per_second":14.689}