{"_step":6,"_runtime":227.837217489,"train/grad_norm":6.425182342529297,"eval/samples_per_second":693.038,"train/global_step":600,"train_runtime":221.1352,"train/loss":0.1298,"train_samples_per_second":749.768,"train_loss":0.22894589424133302,"eval/f1_micro":0.9098083427282976,"eval/runtime":2.9912,"_timestamp":1.7586299357811236e+09,"train/learning_rate":4.9999594626739646e-05,"eval/steps_per_second":86.922,"train/epoch":2.3076923076923075,"train_steps_per_second":11.758,"total_flos":1.4360313623832e+15,"eval/loss":0.23540273308753967,"_wandb":{"runtime":230}}