{"train/learning_rate":4.99999950034326e-05,"eval/f1":0.9199228171731789,"train/epoch":4.615384615384615,"eval/samples_per_second":172.842,"train_loss":0.19131904284159343,"_step":6,"train_runtime":880.7006,"_timestamp":1.7586925180954716e+09,"_runtime":890.546744976,"train_steps_per_second":4.428,"eval/runtime":11.9936,"train/grad_norm":3.971355676651001,"_wandb":{"runtime":893},"eval/loss":0.27444255352020264,"train/global_step":600,"eval/accuracy":0.9199228171731789,"train_samples_per_second":564.778,"train/loss":0.0587,"total_flos":2.8720627247664e+15,"eval/steps_per_second":21.678}