{"_timestamp":1.7586725302466047e+09,"eval/samples_per_second":658.848,"_runtime":92.01404353,"train/learning_rate":2e-05,"train/epoch":0.7707129094412332,"_step":1,"train/loss":0.545,"_wandb":{"runtime":92},"eval/f1":0.8958031837916064,"eval/loss":0.2923714220523834,"eval/steps_per_second":82.634,"train/grad_norm":8.987485885620117,"train/global_step":200,"eval/runtime":3.1464,"eval/accuracy":0.8958031837916064}