{"eval/accuracy":0.8803666184273999,"train/epoch":0.7707129094412332,"eval/steps_per_second":17.121,"eval/runtime":15.1859,"_step":1,"train/grad_norm":4.1695556640625,"eval/samples_per_second":136.508,"_timestamp":1.7586832030670846e+09,"_wandb":{"runtime":446},"train/global_step":200,"train/loss":0.5918,"eval/f1":0.8803666184273999,"train/learning_rate":1.2e-05,"_runtime":446.349767835,"eval/loss":0.33517909049987793}