{"_wandb":{"runtime":455},"_runtime":454.810723118,"eval/runtime":15.3477,"train/grad_norm":5.337231159210205,"eval/loss":0.2842860221862793,"train/loss":0.5434,"eval/steps_per_second":16.941,"train/learning_rate":2e-05,"train/global_step":200,"_timestamp":1.7586799375159905e+09,"_step":1,"train/epoch":0.7707129094412332,"eval/accuracy":0.8967679691268693,"eval/f1":0.8967679691268693,"eval/samples_per_second":135.069}