{"_runtime":91.113291484,"eval/loss":0.2923714220523834,"_step":1,"eval/samples_per_second":660.688,"_timestamp":1.7586723269202318e+09,"eval/f1":0.8958031837916064,"train/loss":0.545,"eval/accuracy":0.8958031837916064,"train/learning_rate":2e-05,"eval/runtime":3.1376,"eval/steps_per_second":82.865,"train/global_step":200,"_wandb":{"runtime":91},"train/epoch":0.7707129094412332,"train/grad_norm":8.987485885620117}