{"train/global_step":600,"_runtime":890.584737916,"train_samples_per_second":564.759,"_wandb":{"runtime":893},"eval/samples_per_second":173.017,"train_runtime":880.7299,"train/grad_norm":6.952003479003906,"eval/f1":0.9175108538350217,"_timestamp":1.7586925181251643e+09,"train/epoch":4.615384615384615,"_step":6,"total_flos":2.8720627247664e+15,"train/learning_rate":4.99999950034326e-05,"eval/accuracy":0.9175108538350217,"eval/runtime":11.9815,"train/loss":0.058,"train_loss":0.1911416991551717,"eval/loss":0.2653789818286896,"eval/steps_per_second":21.7,"train_steps_per_second":4.428}