{"train_loss":0.22577125867207845,"train/loss":0.1408,"train_samples_per_second":749.443,"eval/loss":0.2817360758781433,"_step":6,"train/global_step":600,"eval/steps_per_second":86.984,"train/learning_rate":8.999927032813136e-05,"eval/f1":0.9001447178002895,"eval/accuracy":0.9001447178002895,"train/grad_norm":8.514545440673828,"eval/samples_per_second":693.529,"total_flos":1.4360313623832e+15,"train/epoch":2.3076923076923075,"eval/runtime":2.9891,"train_runtime":221.2311,"_timestamp":1.7586938141451802e+09,"_runtime":228.512447236,"train_steps_per_second":11.752,"_wandb":{"runtime":231}}