{"eval/accuracy":0.8933912204534491,"eval/loss":0.30656901001930237,"train_runtime":603.1583,"train/global_step":1200,"train_samples_per_second":274.886,"train_steps_per_second":17.193,"train/grad_norm":18.781566619873047,"train/learning_rate":1.9998540687813404e-05,"_timestamp":1.7586426893455138e+09,"train/loss":0.2399,"eval/runtime":9.711,"train/epoch":1.1571841851494695,"_step":12,"eval/f1":0.8933912204534491,"eval/samples_per_second":213.47,"_runtime":610.656872633,"_wandb":{"runtime":620},"train_loss":0.3350815232594808,"eval/steps_per_second":26.774,"total_flos":2.828972302661232e+15}