{"train/global_step":200,"_wandb":{"runtime":136},"_timestamp":1.7586401583375797e+09,"_runtime":135.841617027,"train/epoch":1.5384615384615383,"eval/steps_per_second":80.31,"train/loss":0.4343,"eval/samples_per_second":640.32,"eval/runtime":3.2374,"train/learning_rate":1.9999999999999998e-05,"eval/accuracy":0.9435600578871202,"train/grad_norm":6.395752906799316,"_step":1,"eval/loss":0.17281439900398254,"eval/f1":0.9435600578871202}