{"eval/steps_per_second":17.7,"train/grad_norm":8.987485885620117,"eval/runtime":14.6897,"eval/loss":0.2923714220523834,"eval/f1":0.8958031837916064,"_timestamp":1.7586823589395218e+09,"eval/samples_per_second":141.12,"_step":1,"_wandb":{"runtime":445},"eval/accuracy":0.8958031837916064,"train/loss":0.545,"_runtime":445.761089493,"train/learning_rate":2e-05,"train/global_step":200,"train/epoch":0.7707129094412332}