{"eval/accuracy":0.9059334298118669,"train_steps_per_second":8.34,"train_samples_per_second":266.417,"_timestamp":1.7586446332218304e+09,"total_flos":3.770193856767408e+15,"eval/loss":0.24104104936122894,"_wandb":{"runtime":640},"eval/samples_per_second":214.605,"train/grad_norm":8.716880798339844,"train/epoch":1.5414258188824663,"train_runtime":622.3316,"train/loss":0.1966,"eval/f1":0.9059334298118669,"train_loss":0.2933237266540527,"_runtime":630.924587076,"train/global_step":800,"train/learning_rate":1.9999549587430252e-05,"eval/runtime":9.6596,"eval/steps_per_second":26.916,"_step":8}