{"eval/accuracy":0.9044862518089725,"_runtime":454.820872544,"train/global_step":200,"train/grad_norm":3.403376579284668,"_wandb":{"runtime":455},"eval/runtime":15.3446,"eval/samples_per_second":135.097,"train/learning_rate":2.8e-05,"train/loss":0.5068,"_step":1,"eval/steps_per_second":16.944,"_timestamp":1.7586799375161085e+09,"eval/f1":0.9044862518089725,"eval/loss":0.2577393651008606,"train/epoch":0.7707129094412332}