{"eval/steps_per_second":17.858,"eval/runtime":14.5593,"train/loss":0.5918,"eval/f1":0.8803666184273999,"_timestamp":1.7586823590065835e+09,"_runtime":445.857451874,"train/epoch":0.7707129094412332,"train/global_step":200,"train/grad_norm":4.1695556640625,"train/learning_rate":1.2e-05,"_wandb":{"runtime":446},"eval/loss":0.33517909049987793,"eval/samples_per_second":142.383,"_step":1,"eval/accuracy":0.8803666184273999}