{"train_loss":0.14853173732757569,"_step":6,"train/grad_norm":3.566277265548706,"total_flos":5.7418746166764e+15,"_wandb":{"runtime":761},"eval/f1_micro":0.9243119266055048,"train/loss":0.0222,"train/epoch":9.23076923076923,"_runtime":758.443256053,"train/global_step":600,"eval/steps_per_second":87.114,"eval/runtime":2.9846,"eval/loss":0.3323628902435303,"train_runtime":751.8819,"train_samples_per_second":441.027,"train/learning_rate":2.9999939303960518e-05,"_timestamp":1.7586316550549035e+09,"train_steps_per_second":1.729,"eval/samples_per_second":694.566}