{"_runtime":445.767667709,"train/loss":0.5068,"train/learning_rate":2.8e-05,"eval/steps_per_second":17.752,"_step":1,"_timestamp":1.7586823589537838e+09,"eval/loss":0.2577393651008606,"eval/accuracy":0.9044862518089725,"eval/f1":0.9044862518089725,"train/global_step":200,"train/epoch":0.7707129094412332,"eval/samples_per_second":141.537,"_wandb":{"runtime":445},"train/grad_norm":3.403376579284668,"eval/runtime":14.6463}