{"_step":8,"train_loss":0.3049644470214844,"eval/samples_per_second":214.492,"train_samples_per_second":217.551,"eval/steps_per_second":26.902,"train_runtime":762.1197,"train/grad_norm":10.084379196166992,"_runtime":769.655946727,"train/loss":0.2144,"train/learning_rate":1.9999837458083738e-05,"eval/f1":0.8712011577424024,"_timestamp":1.7586478656650534e+09,"eval/accuracy":0.8712011577424024,"train_steps_per_second":6.797,"_wandb":{"runtime":779},"eval/runtime":9.6647,"train/epoch":1.5436565364206465,"total_flos":3.773732283662544e+15,"train/global_step":800,"eval/loss":0.3537060618400574}