{"train/loss":0.0483,"eval/steps_per_second":86.384,"train_samples_per_second":795.469,"train_runtime":416.8612,"eval/runtime":3.0098,"train_loss":0.18616602579752603,"_runtime":423.325551535,"train/global_step":600,"train/learning_rate":2.9999939303960518e-05,"eval/loss":0.3181069791316986,"eval/f1_micro":0.9160045402951191,"train/epoch":4.615384615384615,"train/grad_norm":4.122913837432861,"_wandb":{"runtime":426},"eval/samples_per_second":688.748,"train_steps_per_second":6.237,"_timestamp":1.7586304913980997e+09,"_step":6,"total_flos":2.8720627247664e+15}