{"eval/runtime":9.7261,"eval/loss":0.22733420133590698,"train/loss":0.4251,"train/grad_norm":7.376619815826416,"eval/steps_per_second":26.732,"train/global_step":200,"train/epoch":0.7692307692307693,"_timestamp":1.7586465537733257e+09,"_runtime":272.305299138,"eval/f1":0.9131693198263386,"_wandb":{"runtime":294},"train/learning_rate":1.3333333333333333e-05,"eval/samples_per_second":213.138,"_step":1,"eval/accuracy":0.9131693198263386}