{"train/global_step":200,"eval/accuracy":0.8967679691268693,"_step":1,"eval/samples_per_second":132.069,"_timestamp":1.7586823582350357e+09,"train/epoch":0.7707129094412332,"eval/runtime":15.6964,"train/loss":0.5434,"eval/loss":0.2842860221862793,"_runtime":445.071973394,"eval/steps_per_second":16.564,"_wandb":{"runtime":445},"eval/f1":0.8967679691268693,"train/grad_norm":5.337231159210205,"train/learning_rate":2e-05}