{"eval/samples_per_second":688.782,"train_samples_per_second":803.318,"eval/runtime":3.0097,"eval/loss":0.3181069791316986,"_runtime":421.321883894,"_timestamp":1.7586384289674447e+09,"eval/f1_micro":0.9160045402951191,"train_loss":0.18616602579752603,"train/global_step":600,"train_steps_per_second":6.299,"_wandb":{"runtime":424},"train/loss":0.0483,"train/grad_norm":4.122913837432861,"train/learning_rate":2.9999939303960518e-05,"_step":6,"train_runtime":412.7878,"train/epoch":4.615384615384615,"total_flos":2.8720627247664e+15,"eval/steps_per_second":86.388}