{"train/grad_norm":6.425182342529297,"eval/accuracy":0.9228171731789677,"train/learning_rate":4.9999594626739646e-05,"train/loss":0.1298,"train_steps_per_second":11.728,"train/epoch":2.3076923076923075,"total_flos":1.4360313623832e+15,"eval/steps_per_second":87.346,"train_samples_per_second":747.911,"train_loss":0.22894589424133302,"_wandb":{"runtime":233},"train/global_step":600,"eval/loss":0.23540273308753967,"_runtime":232.620018235,"_step":6,"eval/f1":0.9228171731789677,"train_runtime":221.684,"eval/samples_per_second":696.417,"eval/runtime":2.9767,"_timestamp":1.7586286598667858e+09}