{"train/learning_rate":2e-05,"train/global_step":200,"_step":1,"_timestamp":1.7586799375168986e+09,"eval/runtime":15.3477,"train/grad_norm":8.987485885620117,"eval/accuracy":0.8958031837916064,"_wandb":{"runtime":455},"_runtime":454.820352176,"eval/steps_per_second":16.941,"train/loss":0.545,"eval/loss":0.2923714220523834,"eval/f1":0.8958031837916064,"train/epoch":0.7707129094412332,"eval/samples_per_second":135.069}