{"_timestamp":1.7586433263983886e+09,"train/grad_norm":3.1869096755981445,"_wandb":{"runtime":623},"eval/samples_per_second":213.033,"train/loss":0.2813,"eval/runtime":9.7309,"_step":12,"train/global_step":1200,"train/epoch":1.1571841851494695,"total_flos":2.828972302661232e+15,"train_samples_per_second":273.801,"train/learning_rate":2.9997811031720103e-05,"eval/accuracy":0.8871201157742402,"_runtime":613.182248649,"eval/loss":0.31606847047805786,"train_runtime":605.5487,"train_steps_per_second":17.125,"train_loss":0.3509538014729818,"eval/steps_per_second":26.719,"eval/f1":0.8871201157742402}