{"train/epoch":0.7707129094412332,"eval/f1":0.8958031837916064,"_wandb":{"runtime":92},"train/learning_rate":2e-05,"eval/samples_per_second":653.261,"train/grad_norm":8.987485885620117,"_runtime":92.409331243,"_step":1,"eval/loss":0.2923714220523834,"eval/accuracy":0.8958031837916064,"train/global_step":200,"_timestamp":1.7586718616715508e+09,"train/loss":0.545,"eval/runtime":3.1733,"eval/steps_per_second":81.933}