{"eval/steps_per_second":14.652,"train/loss":0.5458,"eval/f1":0.899662325132658,"eval/runtime":17.7455,"_timestamp":1.7586832005933716e+09,"train/learning_rate":2e-05,"_step":1,"_wandb":{"runtime":444},"_runtime":443.884960403,"eval/accuracy":0.899662325132658,"eval/samples_per_second":116.818,"eval/loss":0.2859882414340973,"train/global_step":200,"train/epoch":0.7707129094412332,"train/grad_norm":42.37590026855469}