{"train/learning_rate":2e-05,"_step":1,"eval/loss":0.2923714220523834,"eval/f1":0.8958031837916064,"eval/runtime":3.2074,"train/epoch":0.7707129094412332,"train/grad_norm":8.987485885620117,"_wandb":{"runtime":93},"train/global_step":200,"_runtime":93.342939838,"train/loss":0.545,"eval/steps_per_second":81.064,"_timestamp":1.7586713920450149e+09,"eval/accuracy":0.8958031837916064,"eval/samples_per_second":646.327}