{"eval/samples_per_second":214.66,"train/learning_rate":2.9999756776043787e-05,"train/loss":0.2599,"train_steps_per_second":11.11,"train/global_step":600,"eval/runtime":9.6571,"_timestamp":1.7586451303409538e+09,"_step":6,"total_flos":2.826613351397808e+15,"train/grad_norm":5.7459564208984375,"train_runtime":467.1487,"_wandb":{"runtime":484},"eval/f1":0.8986975397973951,"eval/steps_per_second":26.923,"_runtime":474.881484416,"eval/accuracy":0.8986975397973951,"train_loss":0.3330186080932617,"train_samples_per_second":354.919,"train/epoch":1.1560693641618498,"eval/loss":0.27526503801345825}