{"train_runtime":813.4589,"eval/accuracy":0.718282682103232,"eval/loss":0.5787665247917175,"_timestamp":1.7586966981292753e+09,"train/grad_norm":2.1388673782348633,"train_samples_per_second":203.821,"train/global_step":650,"eval/steps_per_second":89.034,"_wandb":{"runtime":820},"_runtime":820.676141346,"eval/f1":0.718282682103232,"train/learning_rate":0.000699994324774355,"train_steps_per_second":0.799,"train/epoch":10,"train_loss":0.4442613513653095,"_step":6,"eval/runtime":2.9202,"eval/samples_per_second":709.875,"train/loss":0.5636,"total_flos":6.219801459852e+15}