{"train_steps_per_second":8.319,"train/epoch":1.5414258188824663,"_step":8,"eval/steps_per_second":26.841,"eval/loss":0.21966557204723358,"train/grad_norm":6.302281856536865,"train/learning_rate":9.999774793715126e-06,"_runtime":631.357082057,"eval/f1":0.9064158224794983,"train_loss":0.30010510444641114,"eval/accuracy":0.9064158224794983,"train_runtime":623.8719,"train/global_step":800,"train_samples_per_second":265.76,"eval/runtime":9.6866,"_wandb":{"runtime":641},"total_flos":3.770193856767408e+15,"_timestamp":1.7586439800502243e+09,"train/loss":0.1896,"eval/samples_per_second":214.008}