{"eval/steps_per_second":15.866,"eval/accuracy":0.899662325132658,"train/epoch":0.7707129094412332,"train/global_step":200,"eval/samples_per_second":126.502,"_runtime":453.903360381,"_wandb":{"runtime":454},"_timestamp":1.7586799366021807e+09,"train/grad_norm":42.37590026855469,"eval/f1":0.899662325132658,"train/learning_rate":2e-05,"_step":1,"eval/loss":0.2859882414340973,"train/loss":0.5458,"eval/runtime":16.387}