{"eval/steps_per_second":17.156,"eval/f1":0.9044862518089725,"eval/runtime":15.1553,"eval/samples_per_second":136.784,"_step":1,"train/loss":0.5068,"train/global_step":200,"train/learning_rate":2.8e-05,"_timestamp":1.7586832031044953e+09,"train/grad_norm":3.403376579284668,"eval/accuracy":0.9044862518089725,"_runtime":446.396116774,"eval/loss":0.2577393651008606,"_wandb":{"runtime":446},"train/epoch":0.7707129094412332}