{"train_runtime":251.6869,"train/epoch":2.3076923076923075,"train/learning_rate":0.0008999927032813135,"eval/accuracy":0.5904486251808972,"_timestamp":1.7586927145008044e+09,"_step":6,"eval/steps_per_second":88.165,"eval/loss":0.6775800585746765,"train/loss":0.7023,"train_steps_per_second":10.33,"eval/runtime":2.949,"total_flos":1.4360313623832e+15,"train_samples_per_second":658.755,"train/grad_norm":0.7575249075889587,"_wandb":{"runtime":262},"train/global_step":600,"eval/f1":0.5904486251808972,"_runtime":259.502890932,"train_loss":0.5720560963948568,"eval/samples_per_second":702.944}