{"eval/loss":0.2842860221862793,"_runtime":446.664836683,"eval/samples_per_second":146.345,"_wandb":{"runtime":446},"train/learning_rate":2e-05,"train/epoch":0.7707129094412332,"train/global_step":200,"eval/steps_per_second":18.355,"_timestamp":1.7586832033470073e+09,"eval/f1":0.8967679691268693,"train/grad_norm":5.337231159210205,"train/loss":0.5434,"_step":1,"eval/accuracy":0.8967679691268693,"eval/runtime":14.1652}