{"train/learning_rate":1.2e-05,"eval/runtime":15.3456,"eval/f1":0.8803666184273999,"_step":1,"_wandb":{"runtime":455},"train/global_step":200,"eval/steps_per_second":16.943,"eval/samples_per_second":135.087,"eval/loss":0.33517909049987793,"train/loss":0.5918,"train/epoch":0.7707129094412332,"eval/accuracy":0.8803666184273999,"_timestamp":1.7586799375172222e+09,"_runtime":454.825485549,"train/grad_norm":4.1695556640625}