{"eval/samples_per_second":652.123,"_runtime":135.162222342,"_timestamp":1.7586390040377808e+09,"train/epoch":1.5384615384615383,"eval/steps_per_second":81.791,"train/grad_norm":6.395752906799316,"train/learning_rate":1.9999999999999998e-05,"_wandb":{"runtime":135},"eval/loss":0.17281439900398254,"train/global_step":200,"train/loss":0.4343,"eval/runtime":3.1788,"eval/f1_micro":0.9298981426003595,"_step":1}