{"train_steps_per_second":3.53,"_runtime":1474.813070702,"eval/runtime":9.7675,"_wandb":{"runtime":1484},"eval/steps_per_second":26.619,"eval/loss":0.21706774830818176,"train/epoch":3.471552555448409,"train/loss":0.1838,"eval/samples_per_second":212.235,"train_loss":0.34017954508463544,"train/learning_rate":9.998698142908952e-07,"total_flos":8.486916907983696e+15,"train_samples_per_second":112.996,"train/global_step":1800,"_step":18,"eval/f1":0.9247467438494935,"_timestamp":1.7586504550838015e+09,"train/grad_norm":14.682861328125,"eval/accuracy":0.9247467438494935,"train_runtime":1467.3064}