{"_timestamp":1.758641463751383e+09,"eval/loss":0.25190269947052,"_wandb":{"runtime":646},"_step":12,"train/grad_norm":9.403505325317383,"eval/f1":0.9179932465026531,"eval/accuracy":0.9179932465026531,"total_flos":2.828972302661232e+15,"train/global_step":1200,"train_runtime":625.0013,"train/epoch":1.1571841851494695,"eval/steps_per_second":26.575,"train_loss":0.314025297164917,"eval/runtime":9.7838,"train_steps_per_second":16.592,"train_samples_per_second":265.279,"eval/samples_per_second":211.881,"train/loss":0.2167,"train/learning_rate":9.999270343906702e-06,"_runtime":636.592797402}