{"train/epoch":3.076923076923077,"_step":8,"eval/f1":0.9184756391702846,"train/learning_rate":9.999774793715126e-06,"_wandb":{"runtime":1114},"train/global_step":800,"train/grad_norm":8.83761215209961,"_runtime":1105.290357592,"eval/runtime":9.7085,"train_steps_per_second":2.369,"train/loss":0.1285,"train_samples_per_second":151.048,"eval/samples_per_second":213.524,"_timestamp":1.7586462597457745e+09,"eval/steps_per_second":26.781,"train_loss":0.25414289474487306,"train_runtime":1097.6651,"eval/accuracy":0.9184756391702846,"eval/loss":0.24777518212795258,"total_flos":7.52210584124328e+15}