{"eval/f1":0.8958031837916064,"_runtime":446.360158864,"train/loss":0.545,"_step":1,"train/global_step":200,"_timestamp":1.7586832031258194e+09,"train/epoch":0.7707129094412332,"eval/runtime":15.1574,"_wandb":{"runtime":446},"train/grad_norm":8.987485885620117,"eval/loss":0.2923714220523834,"eval/samples_per_second":136.765,"eval/accuracy":0.8958031837916064,"train/learning_rate":2e-05,"eval/steps_per_second":17.153}