{"eval/loss":0.3733210563659668,"_step":6,"eval/runtime":2.9789,"train/learning_rate":6.999943247743549e-05,"train/global_step":650,"eval/samples_per_second":695.893,"train/epoch":10,"train_loss":0.1125426419881674,"eval/f1":0.9286058851905451,"train/grad_norm":5.470432758331299,"eval/steps_per_second":87.28,"_runtime":825.442662831,"train/loss":0.0259,"_timestamp":1.758697557459944e+09,"train_samples_per_second":202.6,"train_steps_per_second":0.794,"_wandb":{"runtime":825},"train_runtime":818.3617,"total_flos":6.219801459852e+15,"eval/accuracy":0.9286058851905451}